marginal_m0-d0,full_m0-d0,marginal_m1-d0,full_m1-d0,marginal_m2-d0,full_m2-d0,marginal_m3-d0,full_m3-d0,marginal_m0-d1,full_m0-d1,marginal_m1-d1,full_m1-d1,marginal_m2-d1,full_m2-d1,marginal_m3-d1,full_m3-d1,marginal_m0-d2,full_m0-d2,marginal_m1-d2,full_m1-d2,marginal_m2-d2,full_m2-d2,marginal_m3-d2,full_m3-d2,marginal_m0-d3,full_m0-d3,marginal_m1-d3,full_m1-d3,marginal_m2-d3,full_m2-d3,marginal_m3-d3,full_m3-d3,analytic_m3-d0,analytic_m3-d1,analytic_m3-d2,analytic_m3-d3
45.77207112312317,109.64642000198364,72.96012997627258,153.7903928756714,324.02612137794495,521.8355629444122,20.76468515396118,413.4835548400879,53.6061532497406,116.89667510986328,59.996256828308105,145.32630467414856,251.10792207717896,479.590359210968,17.456740856170654,359.25180315971375,51.05394196510315,101.86454796791077,72.09040999412537,170.07721996307373,303.776380777359,585.2297742366791,17.2049880027771,341.8841543197632,42.4830629825592,112.0502152442932,72.87327194213867,141.98472118377686,315.1486418247223,436.1506681442261,17.199450969696045,352.0272068977356,,,,
