Model,k,AIC,Model evidence with marginal likelihood,Model evidence with full likelihood
M0,2,2544.169217514253,-1279.85 (0.04),-1279.86 (0.07)
M1,3,2427.748315938044,-1224.12 (0.03),-1224.19 (0.05)
M2,86,2490.2787883353494,-1265.55 (0.04),-1269.64 (0.76)
M3,145,2496.62553228489,-1270.67 (0.03),-1270.22 (0.90)
M4,5,2425.208388368026,-1226.94 (0.04),-1232.47 (0.52)
M5,7,2424.0320236120133,-1220.69 (0.03),-1225.55 (1.52)
